<?xml version="1.0" encoding="UTF-8"?>
<project-private xmlns="http://www.netbeans.org/ns/project-private/1">
    <editor-bookmarks xmlns="http://www.netbeans.org/ns/editor-bookmarks/2" lastBookmarkId="0"/>
    <open-files xmlns="http://www.netbeans.org/ns/projectui-open-files/2">
        <group>
            <file>file:/C:/Users/wildm/Desktop/Class/Greenwich/PROG191/Assignment/PROG191/GCH1002TrinhDucAnh/test/MVC/Controller/registerControllerTest.java</file>
            <file>file:/C:/Users/wildm/Desktop/Class/Greenwich/PROG191/Assignment/PROG191/GCH1002TrinhDucAnh/test/MVC/Controller/studentControllerTest.java</file>
            <file>file:/C:/Users/wildm/Desktop/Class/Greenwich/PROG191/Assignment/PROG191/GCH1002TrinhDucAnh/test/MVC/Controller/loginControllerTest.java</file>
        </group>
    </open-files>
</project-private>
